threat_id,name,description,category,risk_level,student_fullname
1,Threat 1,College sea success most read arrive.,Application,*High@,Roland Laval Mathieu Baba
2,Threat 2,Serve free president stock which benefit history.,Social Engineering,$Medium*,Roland Laval Mathieu Baba
3,Threat 3,Already reason star determine color positive.,Social Engineering,$Medium$,Roland Laval Mathieu Baba
4,Threat 4,Response certain price action cell.,Hardware,*Medium@,Roland Laval Mathieu Baba
5,Threat 5,Support north enough pick along threat I without seek.,Hardware,@High*,Roland Laval Mathieu Baba
6,Threat 6,Source yourself fly full rise any sing billion physical billion.,Network,$Medium@,Roland Laval Mathieu Baba
7,Threat 7,Successful president fine read already skin moment.,Social Engineering,$Medium$,Roland Laval Mathieu Baba
8,Threat 8,Require task quickly over up year her follow grow.,Hardware,*Medium*,Roland Laval Mathieu Baba
9,Threat 9,Mr save dinner tough shake focus skin scientist full every.,Social Engineering,*Medium$,Roland Laval Mathieu Baba
10,Threat 10,Bit recognize law should claim budget open little even billion.,Application,*Medium*,Roland Laval Mathieu Baba
11,Threat 11,Next easy safe have interest thought.,Network,*Medium*,Roland Laval Mathieu Baba
12,Threat 12,Better during available cost since stay pressure task spring not.,Application,$Low@,Roland Laval Mathieu Baba
13,Threat 13,Like often war recognize spring himself everything.,Application,*Medium@,Roland Laval Mathieu Baba
14,Threat 14,Government hand indeed many long.,Hardware,$Low*,Roland Laval Mathieu Baba
15,Threat 15,Participant miss building whose region field it truth manage.,Hardware,$Low@,Roland Laval Mathieu Baba
16,Threat 16,Phone black lot anything sea set affect month draw less.,Network,*Medium$,Roland Laval Mathieu Baba
17,Threat 17,Author responsibility decide ahead teacher from fish list radio whether.,Network,$Low@,Roland Laval Mathieu Baba
18,Threat 18,Break east may plant recently tell more.,Social Engineering,@Low$,Roland Laval Mathieu Baba
19,Threat 19,Ground gun environment instead line buy generation sister.,Social Engineering,$High$,Roland Laval Mathieu Baba
20,Threat 20,Car with fly daughter career hold.,Social Engineering,*High*,Roland Laval Mathieu Baba
21,Threat 21,Structure federal piece body travel half prevent baby difficult.,Social Engineering,$Medium@,Roland Laval Mathieu Baba
22,Threat 22,Billion glass particular animal away debate major movie could another.,Hardware,$High$,Roland Laval Mathieu Baba
23,Threat 23,Worry those end school dark budget Mr will.,Application,*Low@,Roland Laval Mathieu Baba
24,Threat 24,Light behavior sit direction sit better.,Network,$Low$,Roland Laval Mathieu Baba
25,Threat 25,Daughter performance able fear including oil cover treatment drive.,Social Engineering,$Medium*,Roland Laval Mathieu Baba
26,Threat 26,Begin political pay as money per actually partner half big.,Social Engineering,$Low*,Roland Laval Mathieu Baba
27,Threat 27,Watch option scientist others hair bag.,Hardware,@Low*,Roland Laval Mathieu Baba
28,Threat 28,Discuss move hear almost other less address.,Social Engineering,*High@,Roland Laval Mathieu Baba
29,Threat 29,Generation two still look character foot less half garden.,Hardware,*Medium$,Roland Laval Mathieu Baba
30,Threat 30,Treat note property heart describe somebody measure meeting.,Network,$High@,Roland Laval Mathieu Baba
31,Threat 31,Shoulder check gun laugh.,Application,*High@,Roland Laval Mathieu Baba
32,Threat 32,Save cell article join training during goal entire.,Application,@Medium@,Roland Laval Mathieu Baba
33,Threat 33,Example indeed fly gun perform any near although stage seek.,Social Engineering,@Low$,Roland Laval Mathieu Baba
34,Threat 34,Plan your professor mission tax moment even ahead onto alone.,Network,*Medium@,Roland Laval Mathieu Baba
35,Threat 35,Six watch allow know threat Mrs.,Network,@Medium$,Roland Laval Mathieu Baba
36,Threat 36,Focus financial happy establish still discuss he in these major.,Social Engineering,@Low*,Roland Laval Mathieu Baba
37,Threat 37,Nice star image radio no hand nice I simply.,Social Engineering,$High$,Roland Laval Mathieu Baba
38,Threat 38,Seem clearly have office think set.,Application,@Low*,Roland Laval Mathieu Baba
39,Threat 39,Live scientist economic memory find beautiful.,Application,@Medium*,Roland Laval Mathieu Baba
40,Threat 40,Young out smile television visit quality.,Social Engineering,*High@,Roland Laval Mathieu Baba
41,Threat 41,Either thousand write explain anyone wind.,Social Engineering,$Medium*,Roland Laval Mathieu Baba
42,Threat 42,Public shoulder reveal college according strong much.,Application,$Low@,Roland Laval Mathieu Baba
43,Threat 43,Will will company fight foreign accept me perform.,Hardware,@Low$,Roland Laval Mathieu Baba
44,Threat 44,Movement especially talk at better travel various too never.,Application,$High$,Roland Laval Mathieu Baba
45,Threat 45,Experience area per practice would speech join mind.,Hardware,$High*,Roland Laval Mathieu Baba
46,Threat 46,Story senior still day simple process someone read.,Application,@Low*,Roland Laval Mathieu Baba
47,Threat 47,Act south imagine himself each less total rise else my.,Social Engineering,*Low$,Roland Laval Mathieu Baba
48,Threat 48,Different involve score network feel whole here approach.,Application,*High*,Roland Laval Mathieu Baba
49,Threat 49,All detail energy ago none sure through control.,Hardware,*High$,Roland Laval Mathieu Baba
50,Threat 50,Establish simply late as.,Network,@Medium*,Roland Laval Mathieu Baba
